"COVID-19","Đau_đầu","Khó_thở","Mất_vị_giác","Sốt"
"Cúm","Ho","Khó_thở","Mất_vị_giác"
"Cúm","Đau_cơ","Mất_vị_giác"
"Cúm","Đau_cơ","Đau_đầu","Khó_thở","Sốt"
"Đau_cơ","Phát_ban","Sốt","Sốt_xuất_huyết"
"Đau_cơ","Phát_ban","Sốt","Sốt_xuất_huyết"
"Cúm","Đau_họng","Ho","Sốt"
"COVID-19","Đau_cơ","Khó_thở","Mất_vị_giác","Sốt"
"Đau_họng","Khó_thở","Mệt_mỏi","Sốt"
"COVID-19","Đau_họng","Khó_thở","Mất_vị_giác","Sốt"
"COVID-19","Đau_cơ","Khó_thở","Mất_vị_giác","Sốt"
"Cúm","Đau_họng","Ho","Sốt"
"Đau_họng","Khó_thở","Mất_vị_giác","Sốt","Sốt_xuất_huyết"
"Khó_thở","Phát_ban"
"Cúm","Đau_họng","Ho","Sốt"
"COVID-19","Đau_cơ"
"Đau_cơ","Phát_ban","Sốt","Sốt_xuất_huyết"
"Đau_cơ","Phát_ban","Sốt","Sốt_xuất_huyết"
"Đau_cơ","Phát_ban","Sốt","Sốt_xuất_huyết"
"COVID-19","Khó_thở","Mất_vị_giác","Mệt_mỏi","Sốt"
"COVID-19","Khó_thở","Mất_vị_giác","Sốt"
"Cúm","Đau_họng","Ho","Phát_ban","Sốt"
"COVID-19","Khó_thở","Mất_vị_giác","Sốt"
"Ho","Mất_vị_giác","Sốt","Sốt_xuất_huyết"
"Đau_cơ","Phát_ban","Sốt","Sốt_xuất_huyết"
"Cúm","Đau_họng","Ho","Khó_thở","Sốt"
"COVID-19","Đau_đầu","Khó_thở","Mất_vị_giác","Sốt"
"Cúm","Đau_họng","Ho","Mệt_mỏi","Sốt"
"Cúm","Đau_cơ","Đau_họng","Ho","Sốt"
"Cúm","Đau_cơ","Đau_họng","Ho","Sốt"
"Đau_cơ","Phát_ban","Sốt","Sốt_xuất_huyết"
"Cúm","Đau_họng","Ho","Phát_ban","Sốt"
"Đau_cơ","Đau_đầu","Sốt_xuất_huyết"
"Cúm","Đau_họng","Ho","Sốt"
"COVID-19","Đau_họng","Khó_thở","Mất_vị_giác","Sốt"
"Khó_thở","Phát_ban","Sốt_xuất_huyết"
"Cúm","Ho","Sốt_xuất_huyết"
"Đau_cơ","Phát_ban","Sốt","Sốt_xuất_huyết"
"Mất_vị_giác","Mệt_mỏi","Sốt","Sốt_xuất_huyết"
"COVID-19","Khó_thở","Mất_vị_giác","Phát_ban","Sốt"
"Đau_cơ","Phát_ban","Sốt","Sốt_xuất_huyết"
"Đau_họng","Phát_ban","Sốt"
"Cúm","Đau_họng","Ho","Sốt"
"Cúm","Đau_họng","Ho","Sốt"
"Cúm","Đau_họng","Ho","Mất_vị_giác","Sốt"
"Cúm","Đau_họng","Ho","Sốt"
"COVID-19","Khó_thở","Mất_vị_giác","Sốt"
"Đau_cơ","Phát_ban","Sốt","Sốt_xuất_huyết"
"COVID-19","Khó_thở","Mất_vị_giác","Phát_ban","Sốt"
"Đau_cơ","Phát_ban","Sốt","Sốt_xuất_huyết"
"Đau_cơ","Phát_ban","Sốt","Sốt_xuất_huyết"
"Đau_cơ","Phát_ban","Sốt","Sốt_xuất_huyết"
"Cúm","Đau_họng","Ho","Mệt_mỏi","Sốt"
"Đau_cơ","Đau_đầu","Sốt_xuất_huyết"
"Cúm","Đau_họng","Ho","Mất_vị_giác","Sốt"
"COVID-19","Đau_cơ","Khó_thở","Mất_vị_giác","Sốt"
"Đau_đầu","Mệt_mỏi","Phát_ban"
"Cúm","Đau_họng","Ho","Sốt"
"Đau_cơ","Phát_ban","Sốt","Sốt_xuất_huyết"
"COVID-19","Khó_thở","Mất_vị_giác","Phát_ban","Sốt"
"COVID-19","Khó_thở","Mất_vị_giác","Mệt_mỏi","Sốt"
"Cúm","Đau_họng","Ho","Phát_ban","Sốt"
"Cúm","Đau_họng","Ho","Mệt_mỏi","Sốt"
"Cúm","Đau_đầu","Đau_họng","Ho","Sốt"
"COVID-19","Khó_thở","Mất_vị_giác","Mệt_mỏi","Sốt"
"COVID-19","Khó_thở","Mất_vị_giác","Sốt"
"Cúm","Đau_họng","Ho","Mệt_mỏi","Sốt"
"Đau_họng","Phát_ban"
"Cúm","Đau_họng","Ho","Khó_thở","Sốt"
"Cúm","Đau_họng","Ho","Sốt"
"Đau_cơ","Mất_vị_giác"
"COVID-19","Khó_thở","Mất_vị_giác","Mệt_mỏi","Sốt"
"Đau_họng","Khó_thở"
"Đau_cơ","Phát_ban","Sốt","Sốt_xuất_huyết"
"Cúm","Đau_họng","Ho","Phát_ban","Sốt"
"Đau_cơ","Ho","Phát_ban"
"COVID-19","Khó_thở","Mất_vị_giác","Sốt"
"Đau_cơ","Phát_ban","Sốt","Sốt_xuất_huyết"
"COVID-19","Đau_họng","Khó_thở","Mất_vị_giác","Sốt"
"Cúm","Đau_họng","Ho","Phát_ban","Sốt"
"Cúm","Đau_họng","Sốt"
"Cúm","Đau_đầu","Đau_họng","Ho","Sốt"
"COVID-19","Khó_thở","Mất_vị_giác","Sốt"
"Đau_cơ","Phát_ban","Sốt","Sốt_xuất_huyết"
"COVID-19","Đau_cơ","Đau_họng","Mệt_mỏi"
"COVID-19","Đau_họng","Khó_thở","Mất_vị_giác","Sốt"
"Cúm","Đau_họng","Ho","Mệt_mỏi","Sốt"
"COVID-19","Khó_thở","Mất_vị_giác","Phát_ban","Sốt"
"COVID-19","Đau_cơ","Khó_thở","Mất_vị_giác","Sốt"
"COVID-19","Khó_thở","Mất_vị_giác","Sốt"
"Đau_cơ","Phát_ban","Sốt","Sốt_xuất_huyết"
"COVID-19","Mất_vị_giác","Sốt"
"Đau_cơ","Phát_ban","Sốt","Sốt_xuất_huyết"
"COVID-19","Khó_thở","Mất_vị_giác","Sốt"
"Đau_cơ","Phát_ban","Sốt","Sốt_xuất_huyết"
"Đau_cơ","Phát_ban","Sốt","Sốt_xuất_huyết"
"Cúm","Đau_họng","Ho","Khó_thở","Sốt"
"Cúm","Đau_họng","Ho","Khó_thở","Sốt"
"Đau_cơ","Phát_ban","Sốt","Sốt_xuất_huyết"
"COVID-19","Khó_thở","Mất_vị_giác","Mệt_mỏi","Sốt"
"Đau_cơ","Khó_thở","Sốt"
"COVID-19","Đau_đầu","Khó_thở","Mất_vị_giác","Sốt"
"Ho","Mệt_mỏi","Sốt"
"COVID-19","Khó_thở","Mất_vị_giác","Sốt"
"Đau_cơ","Phát_ban"
"Đau_cơ","Phát_ban","Sốt","Sốt_xuất_huyết"
"Đau_cơ","Phát_ban","Sốt","Sốt_xuất_huyết"
"Cúm","Ho"
"COVID-19","Khó_thở","Mất_vị_giác","Sốt"
"Cúm","Đau_cơ","Đau_họng","Ho","Sốt"
"COVID-19","Khó_thở","Mất_vị_giác","Sốt"
"COVID-19","Khó_thở","Mất_vị_giác","Sốt"
"Đau_họng","Mệt_mỏi"
"COVID-19","Khó_thở","Mất_vị_giác","Sốt"
"Cúm","Đau_họng","Ho","Sốt"
"Đau_cơ","Phát_ban","Sốt","Sốt_xuất_huyết"
"COVID-19","Khó_thở","Mất_vị_giác","Phát_ban","Sốt"
"Cúm","Đau_đầu","Đau_họng","Ho","Sốt"
"Cúm","Đau_cơ","Khó_thở"
"Cúm","Đau_họng","Ho","Mất_vị_giác","Sốt"
"Cúm","Đau_họng","Ho","Mất_vị_giác","Sốt"
"Cúm","Đau_đầu","Đau_họng","Mệt_mỏi","Sốt_xuất_huyết"
"COVID-19","Ho","Khó_thở","Mất_vị_giác","Sốt"
"COVID-19","Đau_cơ","Đau_đầu","Đau_họng"
"Cúm","Đau_họng","Ho","Sốt"
"COVID-19","Đau_cơ","Khó_thở","Mất_vị_giác","Sốt"
"COVID-19","Đau_họng"
"Đau_cơ","Phát_ban","Sốt","Sốt_xuất_huyết"
"Cúm","Đau_họng","Ho","Sốt"
"Đau_cơ","Phát_ban","Sốt","Sốt_xuất_huyết"
"Cúm","Đau_họng","Ho","Sốt"
"COVID-19","Khó_thở","Mất_vị_giác","Sốt"
"Đau_cơ","Đau_đầu","Ho","Mất_vị_giác","Sốt_xuất_huyết"
"COVID-19","Đau_cơ","Khó_thở","Mất_vị_giác","Sốt"
"Đau_cơ","Phát_ban","Sốt","Sốt_xuất_huyết"
"COVID-19","Khó_thở","Mất_vị_giác","Sốt"
"Đau_cơ","Phát_ban","Sốt","Sốt_xuất_huyết"
"Đau_cơ","Phát_ban","Sốt","Sốt_xuất_huyết"
"COVID-19","Khó_thở","Mất_vị_giác","Mệt_mỏi","Sốt"
"COVID-19","Khó_thở","Mất_vị_giác","Mệt_mỏi","Sốt"
"Cúm","Đau_cơ","Đau_họng","Phát_ban","Sốt"
"COVID-19","Khó_thở","Mất_vị_giác","Phát_ban","Sốt"
"Đau_cơ","Phát_ban","Sốt","Sốt_xuất_huyết"
"COVID-19","Đau_họng","Khó_thở","Mất_vị_giác","Sốt"
"COVID-19","Khó_thở","Mất_vị_giác","Sốt"
"Cúm","Đau_họng","Ho","Sốt"
"Đau_cơ","Phát_ban","Sốt","Sốt_xuất_huyết"
"Cúm","Đau_đầu","Đau_họng","Ho","Sốt"
"COVID-19","Khó_thở","Mất_vị_giác","Sốt"
"COVID-19","Ho","Khó_thở","Mất_vị_giác","Sốt"
"Đau_cơ","Phát_ban","Sốt","Sốt_xuất_huyết"
"Cúm","Đau_họng","Ho","Sốt"
"COVID-19","Khó_thở","Mất_vị_giác","Sốt"
"Đau_cơ","Phát_ban","Sốt","Sốt_xuất_huyết"
"COVID-19","Ho","Khó_thở","Mất_vị_giác","Sốt"
"COVID-19","Đau_đầu","Khó_thở","Mất_vị_giác","Sốt"
"Đau_cơ","Phát_ban","Sốt","Sốt_xuất_huyết"
"Cúm","Đau_đầu","Đau_họng","Ho","Sốt"
"Cúm","Đau_đầu","Đau_họng","Ho","Sốt"
"Phát_ban","Sốt"
"COVID-19","Cúm","Mệt_mỏi","Phát_ban"
"Cúm","Đau_họng","Ho","Sốt"
"COVID-19","Khó_thở","Mất_vị_giác","Sốt"
"Đau_cơ","Phát_ban","Sốt","Sốt_xuất_huyết"
"COVID-19","Khó_thở"
"Cúm","Ho","Khó_thở","Mất_vị_giác","Sốt_xuất_huyết"
"Cúm","Đau_cơ","Đau_họng","Ho","Sốt"
"Đau_đầu","Đau_họng","Mất_vị_giác","Phát_ban"
"Cúm","Đau_họng","Ho","Phát_ban","Sốt"
"Cúm","Đau_đầu","Đau_họng","Ho","Sốt"
"Đau_cơ","Phát_ban","Sốt","Sốt_xuất_huyết"
"Cúm","Đau_họng","Ho","Mất_vị_giác","Sốt"
"COVID-19","Đau_họng","Khó_thở","Mất_vị_giác","Sốt"
"COVID-19","Đau_cơ","Mất_vị_giác","Mệt_mỏi","Phát_ban"
"Cúm","Đau_cơ","Mất_vị_giác","Mệt_mỏi","Sốt_xuất_huyết"
"Cúm","Đau_họng","Ho","Sốt"
"Đau_đầu","Khó_thở","Mất_vị_giác","Sốt_xuất_huyết"
"COVID-19","Khó_thở","Mất_vị_giác","Sốt"
"Cúm","Đau_họng","Ho","Mệt_mỏi","Sốt"
"COVID-19","Đau_cơ","Khó_thở","Mất_vị_giác","Sốt"
"COVID-19","Đau_đầu","Khó_thở","Mất_vị_giác","Sốt"
"Cúm","Đau_họng"
"COVID-19","Ho","Khó_thở","Mất_vị_giác","Sốt"
"Mất_vị_giác","Mệt_mỏi","Sốt_xuất_huyết"
"Khó_thở","Phát_ban","Sốt_xuất_huyết"
"Đau_đầu","Đau_họng","Khó_thở","Phát_ban"
"COVID-19","Đau_họng","Khó_thở","Mất_vị_giác","Sốt"
"Đau_cơ","Phát_ban","Sốt","Sốt_xuất_huyết"
"COVID-19","Đau_đầu","Mất_vị_giác","Mệt_mỏi","Sốt"
"Đau_đầu","Đau_họng","Ho","Mệt_mỏi"
"COVID-19","Đau_đầu","Khó_thở","Mất_vị_giác","Sốt"
"COVID-19","Khó_thở","Mất_vị_giác","Sốt"
"Mất_vị_giác","Mệt_mỏi"
"Cúm","Đau_họng","Ho","Sốt"
"COVID-19","Ho","Khó_thở","Mất_vị_giác","Sốt"
"Cúm","Đau_họng","Ho","Mệt_mỏi","Sốt"
"COVID-19","Đau_họng","Khó_thở","Mất_vị_giác","Sốt"
"Đau_cơ","Phát_ban","Sốt","Sốt_xuất_huyết"
"Mất_vị_giác","Phát_ban","Sốt"
"COVID-19","Ho","Khó_thở","Mất_vị_giác","Sốt"
"COVID-19","Đau_đầu","Khó_thở","Mất_vị_giác","Sốt"
"Cúm","Đau_họng","Ho","Sốt"
"Cúm","Đau_họng","Ho","Phát_ban","Sốt"
"Cúm","Đau_họng","Ho","Mệt_mỏi","Sốt"
"Đau_họng","Phát_ban"
"Đau_cơ","Phát_ban","Sốt","Sốt_xuất_huyết"
"Cúm","Đau_họng","Ho","Mất_vị_giác","Sốt"
"Cúm","Đau_họng","Ho","Mất_vị_giác","Sốt"
"Đau_cơ","Phát_ban","Sốt","Sốt_xuất_huyết"
"Đau_cơ","Phát_ban","Sốt","Sốt_xuất_huyết"
"Cúm","Đau_họng","Ho","Sốt"
"Đau_họng","Khó_thở","Phát_ban","Sốt_xuất_huyết"
"Đau_cơ","Phát_ban","Sốt","Sốt_xuất_huyết"
"Đau_cơ","Phát_ban","Sốt","Sốt_xuất_huyết"
"COVID-19","Đau_cơ","Khó_thở","Mất_vị_giác","Sốt"
"Đau_cơ","Phát_ban","Sốt","Sốt_xuất_huyết"
"COVID-19","Cúm","Mệt_mỏi","Phát_ban"
"Cúm","Đau_đầu","Đau_họng","Ho","Sốt"
"Cúm","Đau_họng","Ho","Sốt"
"COVID-19","Khó_thở","Mất_vị_giác","Sốt"
"COVID-19","Khó_thở","Mất_vị_giác","Sốt"
"Cúm","Đau_họng","Ho","Mất_vị_giác","Sốt"
"COVID-19","Khó_thở","Mất_vị_giác","Phát_ban","Sốt"
"COVID-19","Khó_thở","Mất_vị_giác","Sốt"
"Cúm","Đau_họng","Ho","Phát_ban","Sốt"
"COVID-19","Khó_thở","Mất_vị_giác","Phát_ban","Sốt"
"Đau_cơ","Phát_ban"
"COVID-19","Khó_thở","Mất_vị_giác","Mệt_mỏi","Sốt"
"Cúm","Đau_đầu","Đau_họng","Ho","Sốt"
"Đau_cơ","Phát_ban","Sốt","Sốt_xuất_huyết"
"Đau_cơ","Đau_họng"
"Đau_cơ","Phát_ban","Sốt","Sốt_xuất_huyết"
"Đau_họng","Mệt_mỏi"
"Cúm","Đau_cơ","Đau_họng","Ho","Sốt"
"Cúm","Đau_họng","Ho","Mệt_mỏi","Sốt"
"Cúm","Đau_cơ","Đau_họng","Ho","Sốt"
"COVID-19","Khó_thở","Mất_vị_giác","Phát_ban","Sốt"
"COVID-19","Đau_cơ","Khó_thở","Mất_vị_giác","Sốt"
"Cúm","Đau_đầu","Đau_họng","Ho","Sốt"
"Đau_cơ","Phát_ban","Sốt","Sốt_xuất_huyết"
"Đau_cơ","Phát_ban","Sốt","Sốt_xuất_huyết"
"COVID-19","Đau_đầu","Khó_thở","Mất_vị_giác","Sốt"
"Cúm","Đau_họng","Ho","Sốt"
"Đau_cơ","Phát_ban","Sốt","Sốt_xuất_huyết"
"COVID-19","Khó_thở","Mất_vị_giác","Sốt"
"COVID-19","Khó_thở","Mất_vị_giác","Mệt_mỏi","Sốt"
"Cúm","Đau_họng","Ho","Sốt"
"Cúm","Đau_họng","Ho","Phát_ban","Sốt"
"COVID-19","Khó_thở","Mất_vị_giác","Sốt_xuất_huyết"
"Đau_cơ","Phát_ban","Sốt","Sốt_xuất_huyết"
"Đau_cơ","Phát_ban","Sốt","Sốt_xuất_huyết"
"Cúm","Đau_đầu","Đau_họng","Ho","Sốt"
"COVID-19","Ho","Khó_thở","Mất_vị_giác","Sốt"
"Đau_cơ","Phát_ban","Sốt","Sốt_xuất_huyết"
"Đau_cơ","Phát_ban","Sốt","Sốt_xuất_huyết"
"COVID-19","Khó_thở","Mất_vị_giác","Mệt_mỏi","Sốt"
"COVID-19","Cúm","Khó_thở"
"Đau_cơ","Phát_ban","Sốt","Sốt_xuất_huyết"
"Đau_đầu","Đau_họng","Khó_thở","Sốt"
"COVID-19","Đau_họng","Khó_thở","Mất_vị_giác","Sốt"
"Cúm","Đau_cơ","Đau_họng","Ho","Sốt"
"Đau_cơ","Phát_ban","Sốt","Sốt_xuất_huyết"
"Cúm","Đau_họng","Ho","Sốt"
"COVID-19","Khó_thở","Mất_vị_giác","Sốt"
"COVID-19","Khó_thở","Mất_vị_giác","Phát_ban","Sốt"
"Cúm","Đau_họng","Ho","Sốt"
"COVID-19","Ho","Khó_thở","Mất_vị_giác","Sốt"
"Cúm","Đau_họng","Ho","Sốt"
"Đau_cơ","Phát_ban","Sốt","Sốt_xuất_huyết"
"COVID-19","Phát_ban"
"Đau_cơ","Phát_ban","Sốt","Sốt_xuất_huyết"
"COVID-19","Đau_cơ","Khó_thở","Mất_vị_giác","Sốt"
"COVID-19","Khó_thở","Mất_vị_giác","Mệt_mỏi","Sốt"
"Đau_cơ","Phát_ban","Sốt","Sốt_xuất_huyết"
"Cúm","Đau_cơ","Đau_họng","Ho","Sốt"
"COVID-19","Đau_đầu","Khó_thở","Mất_vị_giác","Sốt"
"COVID-19","Khó_thở","Mất_vị_giác","Mệt_mỏi","Sốt"
"Khó_thở","Mất_vị_giác","Mệt_mỏi","Phát_ban","Sốt_xuất_huyết"
"Cúm","Đau_họng","Khó_thở","Phát_ban"
"COVID-19","Cúm"
"Cúm","Đau_đầu","Đau_họng","Ho","Sốt"
"COVID-19","Khó_thở","Mất_vị_giác","Phát_ban","Sốt"
"Cúm","Đau_đầu","Đau_họng","Ho","Sốt"
"Đau_cơ","Phát_ban","Sốt","Sốt_xuất_huyết"
"COVID-19","Cúm","Đau_họng","Mất_vị_giác","Phát_ban"
"COVID-19","Khó_thở","Mất_vị_giác","Mệt_mỏi","Sốt"
"Cúm","Đau_họng","Ho","Sốt"
"Cúm","Đau_họng","Ho","Sốt"
"Cúm","Đau_họng","Ho","Sốt"
"Cúm","Đau_họng","Ho","Phát_ban","Sốt"
"COVID-19","Đau_đầu","Mất_vị_giác"
"Cúm","Đau_họng","Ho","Sốt"
"Cúm","Đau_họng","Ho","Mất_vị_giác","Sốt"
"Đau_cơ","Đau_họng","Ho","Khó_thở","Sốt_xuất_huyết"
"COVID-19","Đau_cơ","Khó_thở","Mất_vị_giác","Sốt"
"Đau_cơ","Phát_ban","Sốt","Sốt_xuất_huyết"
"Đau_họng","Ho","Mệt_mỏi","Phát_ban"
"Cúm","Mất_vị_giác","Sốt","Sốt_xuất_huyết"
"COVID-19","Đau_cơ","Khó_thở","Mất_vị_giác","Sốt"
"Cúm","Đau_đầu","Đau_họng","Ho","Sốt"
"COVID-19","Cúm","Phát_ban"
"COVID-19","Khó_thở","Mất_vị_giác","Sốt"
"Cúm","Đau_họng","Ho","Sốt"
"COVID-19","Đau_họng","Khó_thở","Mất_vị_giác","Sốt"
"Cúm","Đau_họng","Ho","Phát_ban","Sốt"
"COVID-19","Khó_thở","Mất_vị_giác","Sốt"
"Cúm","Đau_họng","Ho","Sốt"
"Cúm","Đau_đầu","Đau_họng","Ho","Sốt"
"Đau_cơ","Phát_ban","Sốt","Sốt_xuất_huyết"
"Cúm","Đau_họng","Ho","Sốt"
"Cúm","Đau_họng","Ho","Sốt"
"Cúm","Đau_họng","Ho","Mệt_mỏi","Sốt"
"COVID-19","Khó_thở","Mất_vị_giác","Sốt"
"Cúm","Đau_cơ","Đau_họng","Ho","Sốt"
"Cúm","Đau_đầu","Đau_họng","Ho","Sốt"
"Đau_cơ","Phát_ban","Sốt","Sốt_xuất_huyết"
"Cúm","Đau_họng","Ho","Sốt"
"COVID-19","Khó_thở","Mất_vị_giác","Sốt"
"Đau_họng","Ho","Khó_thở","Mệt_mỏi","Sốt_xuất_huyết"
"COVID-19","Đau_đầu","Khó_thở","Mất_vị_giác","Sốt"
"COVID-19","Ho","Khó_thở","Mất_vị_giác","Sốt"
"Cúm","Đau_cơ","Đau_họng","Ho","Sốt"
"Đau_đầu","Mất_vị_giác"
"Ho","Sốt"
"COVID-19","Khó_thở","Mất_vị_giác","Sốt"
"Cúm","Đau_họng","Ho","Mệt_mỏi","Sốt"
"COVID-19","Đau_họng","Khó_thở","Mất_vị_giác","Sốt"
"COVID-19","Đau_họng","Khó_thở","Mất_vị_giác","Sốt"
"COVID-19","Đau_họng","Khó_thở","Mất_vị_giác","Sốt"
"COVID-19","Ho","Khó_thở","Mất_vị_giác","Sốt"
"Đau_cơ","Đau_họng","Phát_ban","Sốt"
"COVID-19","Đau_cơ","Đau_đầu","Ho","Sốt"
"Đau_cơ","Ho","Mất_vị_giác","Mệt_mỏi","Phát_ban"
"COVID-19","Đau_họng","Khó_thở","Mất_vị_giác","Sốt"
"Cúm","Đau_họng","Ho","Sốt"
"Cúm","Đau_họng","Ho","Sốt"
"Đau_cơ","Phát_ban","Sốt","Sốt_xuất_huyết"
"Cúm","Đau_họng","Ho","Phát_ban","Sốt"
"Đau_cơ","Phát_ban","Sốt","Sốt_xuất_huyết"
"Cúm","Đau_cơ","Đau_họng","Ho","Sốt"
"COVID-19","Cúm","Đau_cơ"
"Cúm","Đau_họng","Ho","Phát_ban","Sốt"
"COVID-19","Đau_họng","Khó_thở","Mất_vị_giác","Sốt"
"Cúm","Đau_họng","Ho","Sốt"
"Cúm","Đau_cơ","Phát_ban"
"Cúm","Đau_đầu","Đau_họng","Ho","Sốt"
"Cúm","Đau_họng","Ho","Mất_vị_giác","Sốt"
"Cúm","Đau_họng","Ho","Mệt_mỏi","Sốt"
"COVID-19","Khó_thở","Mất_vị_giác","Sốt"
"COVID-19","Ho","Khó_thở","Mất_vị_giác","Sốt"
"Cúm","Đau_họng","Ho","Phát_ban","Sốt"
"Cúm","Đau_cơ","Ho","Mất_vị_giác","Sốt"
"COVID-19","Khó_thở","Mất_vị_giác","Sốt"
"Đau_cơ","Phát_ban","Sốt","Sốt_xuất_huyết"
"Cúm","Mệt_mỏi"
"Đau_cơ","Phát_ban","Sốt","Sốt_xuất_huyết"
"Cúm","Đau_họng","Ho","Mất_vị_giác","Sốt"
"Cúm","Đau_họng","Ho","Mệt_mỏi","Sốt"
"COVID-19","Đau_họng","Khó_thở","Mất_vị_giác","Sốt"
"Cúm","Đau_cơ","Đau_đầu","Khó_thở","Mất_vị_giác"
"COVID-19","Đau_đầu","Khó_thở","Mất_vị_giác","Sốt"
"COVID-19","Đau_họng","Khó_thở","Mất_vị_giác","Phát_ban"
"Cúm","Đau_họng","Ho","Phát_ban","Sốt"
"COVID-19","Đau_họng","Mất_vị_giác","Sốt"
"COVID-19","Khó_thở","Mất_vị_giác","Sốt"
"Đau_cơ","Phát_ban","Sốt","Sốt_xuất_huyết"
"Cúm","Đau_cơ"
"Cúm","Đau_họng","Ho","Khó_thở","Sốt"
"COVID-19","Đau_cơ","Khó_thở","Mất_vị_giác","Sốt"
"COVID-19","Đau_đầu","Khó_thở","Mất_vị_giác","Sốt"
"Đau_đầu","Đau_họng","Sốt","Sốt_xuất_huyết"
"Cúm","Đau_họng","Ho","Sốt"
"COVID-19","Đau_cơ","Khó_thở","Mất_vị_giác","Sốt"
"Đau_cơ","Phát_ban","Sốt","Sốt_xuất_huyết"
"Cúm","Đau_cơ"
"Đau_cơ","Phát_ban","Sốt","Sốt_xuất_huyết"
"Cúm","Đau_họng","Ho","Sốt"
"Đau_cơ","Đau_họng","Ho","Mất_vị_giác","Sốt_xuất_huyết"
"Đau_cơ","Phát_ban","Sốt","Sốt_xuất_huyết"
"Cúm","Đau_họng","Ho","Khó_thở","Sốt"
"COVID-19","Đau_cơ","Đau_họng"
"Đau_cơ","Phát_ban","Sốt","Sốt_xuất_huyết"
"Đau_cơ","Phát_ban","Sốt","Sốt_xuất_huyết"
"COVID-19","Cúm","Đau_đầu"
"Cúm","Đau_họng","Ho","Sốt"
"Đau_cơ","Phát_ban","Sốt","Sốt_xuất_huyết"
"COVID-19","Khó_thở","Mất_vị_giác","Sốt"
"COVID-19","Đau_đầu","Đau_họng","Ho","Mệt_mỏi"
"COVID-19","Cúm","Mệt_mỏi","Phát_ban"
"Cúm","Đau_đầu","Đau_họng","Ho","Sốt"
"Cúm","Đau_đầu","Đau_họng","Ho","Sốt"
"COVID-19","Khó_thở","Mất_vị_giác","Sốt"
"Cúm","Đau_họng","Ho","Khó_thở","Sốt"
"COVID-19","Khó_thở","Mất_vị_giác","Sốt"
"Đau_đầu","Sốt_xuất_huyết"
"COVID-19","Đau_đầu","Khó_thở","Mất_vị_giác","Sốt"
"COVID-19","Khó_thở","Mất_vị_giác","Sốt"
"Cúm","Đau_cơ","Đau_họng","Ho","Sốt"
"Cúm","Đau_đầu","Ho","Khó_thở"
"COVID-19","Ho","Khó_thở","Mất_vị_giác","Sốt"
"COVID-19","Khó_thở","Mất_vị_giác","Phát_ban","Sốt"
"COVID-19","Đau_họng","Khó_thở","Mất_vị_giác","Sốt"
"Cúm","Đau_họng","Ho","Khó_thở","Sốt"
"Cúm","Đau_đầu","Đau_họng","Ho","Sốt"
"Đau_cơ","Phát_ban","Sốt","Sốt_xuất_huyết"
"Đau_đầu","Đau_họng","Khó_thở"
"COVID-19","Khó_thở","Mất_vị_giác","Mệt_mỏi","Sốt"
"COVID-19","Đau_họng","Khó_thở","Mất_vị_giác","Sốt"
"Đau_cơ","Phát_ban","Sốt","Sốt_xuất_huyết"
"Cúm","Đau_họng","Ho","Phát_ban","Sốt"
"Cúm","Đau_họng","Ho","Sốt"
"Đau_cơ","Phát_ban","Sốt","Sốt_xuất_huyết"
"Cúm","Đau_đầu","Đau_họng","Ho","Sốt"
"COVID-19","Khó_thở","Mất_vị_giác","Sốt"
"COVID-19","Khó_thở","Mất_vị_giác","Mệt_mỏi","Sốt"
"COVID-19","Đau_cơ","Khó_thở","Mất_vị_giác","Sốt"
"Cúm","Đau_họng","Ho","Khó_thở","Sốt"
"COVID-19","Đau_cơ","Khó_thở","Mất_vị_giác","Sốt"
"Đau_cơ","Phát_ban","Sốt","Sốt_xuất_huyết"
"Mất_vị_giác","Sốt_xuất_huyết"
"Đau_cơ","Phát_ban","Sốt","Sốt_xuất_huyết"
"Cúm","Đau_họng","Ho","Mất_vị_giác","Sốt"
"Cúm","Đau_họng","Ho","Mệt_mỏi","Sốt"
"COVID-19","Khó_thở","Mất_vị_giác","Phát_ban","Sốt"
"Đau_họng","Khó_thở","Phát_ban","Sốt_xuất_huyết"
"Cúm","Đau_họng","Sốt"
"Cúm","Đau_họng","Ho","Sốt"
"Đau_cơ","Phát_ban","Sốt","Sốt_xuất_huyết"
"COVID-19","Khó_thở","Mất_vị_giác","Sốt"
"Đau_cơ","Phát_ban","Sốt","Sốt_xuất_huyết"
"Đau_cơ","Phát_ban","Sốt","Sốt_xuất_huyết"
"COVID-19","Đau_họng","Khó_thở","Mất_vị_giác","Sốt"
"Cúm","Đau_đầu","Đau_họng","Ho","Sốt"
"Cúm","Đau_đầu","Đau_họng","Ho","Sốt"
"COVID-19","Khó_thở","Mất_vị_giác","Sốt"
"Đau_họng","Mất_vị_giác"
"Đau_cơ","Khó_thở","Mệt_mỏi","Phát_ban","Sốt_xuất_huyết"
"Cúm","Đau_đầu","Đau_họng","Ho","Sốt"
"Đau_cơ","Mất_vị_giác","Mệt_mỏi","Phát_ban","Sốt_xuất_huyết"
"COVID-19","Đau_cơ","Khó_thở","Mất_vị_giác","Sốt"
"Cúm","Đau_họng","Ho","Sốt"
"COVID-19","Khó_thở","Mất_vị_giác","Phát_ban","Sốt"
"Đau_cơ","Phát_ban","Sốt","Sốt_xuất_huyết"
"Cúm","Đau_họng","Ho","Sốt"
"Đau_đầu","Mệt_mỏi"
"Cúm","Đau_đầu","Ho"
"Cúm","Đau_họng","Ho","Khó_thở","Sốt"
"Đau_đầu","Khó_thở","Mất_vị_giác","Phát_ban","Sốt"
"COVID-19","Khó_thở","Mất_vị_giác","Sốt"
"COVID-19","Khó_thở","Mất_vị_giác","Sốt"
"Cúm","Đau_đầu","Đau_họng","Ho","Sốt"
"COVID-19","Đau_đầu","Khó_thở","Mất_vị_giác","Sốt"
"COVID-19","Khó_thở","Mất_vị_giác","Phát_ban","Sốt"
"COVID-19","Ho","Khó_thở","Mất_vị_giác","Sốt"
"COVID-19","Đau_họng","Khó_thở","Mất_vị_giác","Sốt"
"Cúm","Đau_họng","Ho","Mệt_mỏi","Sốt"
"COVID-19","Khó_thở","Mất_vị_giác","Phát_ban","Sốt"
"Cúm","Đau_họng","Ho","Sốt"
"Đau_họng","Mất_vị_giác"
"Cúm","Đau_họng","Ho","Sốt"
"Cúm","Đau_họng","Ho","Sốt"
"COVID-19","Ho","Khó_thở","Mất_vị_giác","Sốt"
"Đau_đầu","Ho","Khó_thở"
"COVID-19","Khó_thở","Mất_vị_giác","Sốt"
"Cúm","Đau_đầu","Đau_họng","Ho","Sốt"
"Cúm","Đau_đầu","Đau_họng","Ho","Sốt"
"COVID-19","Khó_thở","Mất_vị_giác","Mệt_mỏi","Sốt"
"COVID-19","Đau_cơ","Khó_thở","Mất_vị_giác","Sốt"
"Đau_cơ","Phát_ban","Sốt","Sốt_xuất_huyết"
"Đau_cơ","Phát_ban","Sốt","Sốt_xuất_huyết"
"Cúm","Đau_cơ","Đau_họng","Ho","Sốt"
"Cúm","Đau_họng","Ho","Sốt"
"Mất_vị_giác","Sốt"
"Cúm","Đau_họng","Ho","Phát_ban","Sốt"
"Đau_cơ","Phát_ban","Sốt","Sốt_xuất_huyết"
"COVID-19","Ho","Khó_thở","Mất_vị_giác","Sốt"
"COVID-19","Ho","Khó_thở","Mất_vị_giác","Sốt"
"COVID-19","Cúm","Đau_cơ","Đau_đầu","Mất_vị_giác"
"Đau_cơ","Đau_họng","Ho","Mệt_mỏi"
"COVID-19","Đau_cơ","Đau_đầu","Mất_vị_giác","Phát_ban"
"COVID-19","Đau_đầu","Mất_vị_giác","Mệt_mỏi","Sốt_xuất_huyết"
"Cúm","Đau_họng","Ho","Sốt"
"COVID-19","Đau_họng","Ho","Mất_vị_giác","Mệt_mỏi"
"COVID-19","Khó_thở","Mất_vị_giác","Mệt_mỏi","Sốt"
"COVID-19","Sốt_xuất_huyết"
"Đau_cơ","Đau_đầu"
"Đau_cơ","Phát_ban","Sốt","Sốt_xuất_huyết"
"Cúm","Đau_họng","Ho","Sốt"
"Cúm","Đau_cơ","Đau_họng","Ho","Sốt"
"Đau_cơ","Phát_ban","Sốt","Sốt_xuất_huyết"
"COVID-19","Đau_đầu","Khó_thở","Mất_vị_giác","Sốt"
"Cúm","Đau_họng","Ho","Sốt"
"COVID-19","Đau_cơ","Khó_thở","Mất_vị_giác","Sốt"
"Đau_cơ","Phát_ban","Sốt","Sốt_xuất_huyết"
"COVID-19","Đau_cơ","Đau_đầu","Mất_vị_giác","Sốt"
"Cúm","Phát_ban","Sốt","Sốt_xuất_huyết"
"Cúm","Đau_họng","Ho","Phát_ban","Sốt"
"Đau_họng","Ho"
"COVID-19","Đau_cơ","Đau_đầu","Khó_thở","Mất_vị_giác"
"Cúm","Đau_họng","Ho","Sốt"
"COVID-19","Khó_thở","Mất_vị_giác","Mệt_mỏi","Sốt"
"Cúm","Đau_họng","Ho","Sốt"
"Cúm","Đau_họng","Ho","Khó_thở","Sốt"
"Đau_cơ","Phát_ban","Sốt","Sốt_xuất_huyết"
"COVID-19","Khó_thở","Mất_vị_giác","Sốt"
"Cúm","Đau_cơ","Đau_họng","Ho","Sốt"
"Đau_cơ","Sốt","Sốt_xuất_huyết"
"Đau_cơ","Phát_ban","Sốt","Sốt_xuất_huyết"
"COVID-19","Ho","Khó_thở","Mất_vị_giác","Sốt"
"Đau_cơ","Phát_ban"
"Cúm","Đau_họng","Ho","Sốt"
"COVID-19","Đau_đầu","Khó_thở","Mất_vị_giác","Sốt"
"Đau_họng","Ho"
"COVID-19","Cúm","Đau_đầu","Đau_họng"
"COVID-19","Ho","Khó_thở","Mất_vị_giác","Sốt"
"COVID-19","Đau_đầu","Ho","Mệt_mỏi"
"Đau_cơ","Phát_ban","Sốt","Sốt_xuất_huyết"
"COVID-19","Khó_thở","Mất_vị_giác","Mệt_mỏi","Sốt"
"COVID-19","Khó_thở","Mất_vị_giác","Sốt"
"COVID-19","Đau_đầu","Khó_thở","Mất_vị_giác","Sốt"
"Đau_cơ","Phát_ban","Sốt","Sốt_xuất_huyết"
"Cúm","Đau_họng","Ho","Khó_thở","Sốt"
"COVID-19","Khó_thở","Mất_vị_giác","Sốt"
"Đau_cơ","Phát_ban","Sốt","Sốt_xuất_huyết"
"COVID-19","Đau_họng","Khó_thở","Mất_vị_giác","Sốt"
"Đau_cơ","Phát_ban","Sốt","Sốt_xuất_huyết"
"Ho","Sốt"
"Cúm","Đau_họng","Ho","Phát_ban","Sốt"
"Cúm","Đau_họng","Ho","Sốt"
"COVID-19","Ho","Khó_thở","Mất_vị_giác","Sốt"
"Đau_cơ","Phát_ban","Sốt","Sốt_xuất_huyết"
"Đau_cơ","Phát_ban","Sốt","Sốt_xuất_huyết"
"COVID-19","Đau_đầu","Khó_thở","Mất_vị_giác","Sốt"
"COVID-19","Mất_vị_giác","Phát_ban","Sốt"
"Đau_cơ","Phát_ban","Sốt","Sốt_xuất_huyết"
"Cúm","Đau_họng","Ho","Phát_ban","Sốt"
"Cúm","Đau_đầu","Đau_họng","Ho","Sốt"
"Đau_đầu","Khó_thở","Mất_vị_giác","Sốt"
"Cúm","Đau_họng","Ho","Mất_vị_giác","Sốt"
"COVID-19","Khó_thở","Mất_vị_giác","Sốt"
"Cúm","Đau_cơ","Đau_họng","Ho","Sốt"
"Đau_cơ","Phát_ban","Sốt","Sốt_xuất_huyết"
"Cúm","Đau_họng","Ho","Khó_thở","Sốt"
"COVID-19","Khó_thở","Mất_vị_giác","Phát_ban","Sốt"
"COVID-19","Khó_thở","Mất_vị_giác","Mệt_mỏi","Sốt"
"Cúm","Đau_họng","Ho","Mệt_mỏi","Sốt"
"Cúm","Đau_họng","Ho","Khó_thở","Sốt"
"Đau_cơ","Phát_ban","Sốt","Sốt_xuất_huyết"
"COVID-19","Mệt_mỏi","Sốt"
"Cúm","Đau_họng","Ho","Phát_ban","Sốt"
"Cúm","Đau_họng","Ho","Khó_thở","Sốt"
"Cúm","Đau_đầu","Đau_họng","Ho","Sốt"
"Đau_đầu","Ho"
"COVID-19","Khó_thở","Mất_vị_giác","Mệt_mỏi","Sốt"
"Cúm","Đau_họng","Ho","Mệt_mỏi","Sốt"
"Cúm","Đau_họng","Ho","Sốt"
"Đau_cơ","Phát_ban","Sốt","Sốt_xuất_huyết"
"COVID-19","Khó_thở","Mất_vị_giác","Sốt"
"Cúm","Đau_họng","Ho","Mệt_mỏi","Sốt"
"Cúm","Đau_họng","Ho","Sốt"
"COVID-19","Khó_thở","Mất_vị_giác","Sốt"
"Cúm","Đau_cơ","Đau_họng","Ho","Sốt"
"Đau_cơ","Đau_đầu","Sốt_xuất_huyết"
"COVID-19","Ho","Mất_vị_giác","Sốt"
"Đau_cơ","Phát_ban","Sốt","Sốt_xuất_huyết"
"COVID-19","Khó_thở","Mất_vị_giác","Sốt"
"COVID-19","Khó_thở","Mất_vị_giác","Sốt"
"Đau_cơ","Phát_ban","Sốt","Sốt_xuất_huyết"
"Mất_vị_giác","Phát_ban","Sốt","Sốt_xuất_huyết"
"Cúm","Đau_họng","Ho","Mất_vị_giác","Sốt"
"Cúm","Đau_họng","Ho","Khó_thở","Sốt"
"Cúm","Đau_cơ","Đau_họng","Ho","Sốt"
"Cúm","Đau_đầu","Đau_họng","Ho","Sốt"
"COVID-19","Khó_thở","Mất_vị_giác","Sốt"
"Cúm","Đau_họng","Ho","Sốt"
"COVID-19","Đau_họng","Khó_thở","Mất_vị_giác","Sốt"
"COVID-19","Đau_đầu","Khó_thở","Mất_vị_giác","Sốt"
"Đau_cơ","Phát_ban","Sốt","Sốt_xuất_huyết"
"COVID-19","Khó_thở","Mất_vị_giác","Sốt"
"Đau_cơ","Phát_ban","Sốt","Sốt_xuất_huyết"
"Mất_vị_giác","Mệt_mỏi","Sốt"
"COVID-19","Đau_họng","Khó_thở","Mất_vị_giác","Sốt"
"Cúm","Đau_họng","Ho","Sốt"
"COVID-19","Khó_thở","Mất_vị_giác","Sốt"
"COVID-19","Đau_đầu","Khó_thở","Mất_vị_giác","Sốt"
"Cúm","Đau_họng","Ho","Sốt"
"Cúm","Đau_họng","Ho","Phát_ban","Sốt"
"COVID-19","Đau_đầu","Khó_thở","Mất_vị_giác","Sốt"
"Cúm","Đau_họng","Ho","Phát_ban","Sốt"
"Đau_cơ","Phát_ban","Sốt","Sốt_xuất_huyết"
"Đau_cơ","Phát_ban","Sốt","Sốt_xuất_huyết"
"COVID-19","Đau_họng","Khó_thở","Mất_vị_giác","Sốt"
"COVID-19","Phát_ban","Sốt"
"Đau_cơ","Phát_ban","Sốt","Sốt_xuất_huyết"
"COVID-19","Ho","Khó_thở","Mất_vị_giác","Sốt"
"Cúm","Đau_đầu","Đau_họng","Ho","Sốt"
"COVID-19","Khó_thở","Mất_vị_giác","Mệt_mỏi","Sốt"
"COVID-19","Khó_thở","Mất_vị_giác","Phát_ban","Sốt"
"Cúm","Đau_cơ","Đau_họng","Ho","Sốt"
"Cúm","Đau_họng","Ho","Khó_thở","Sốt"
"COVID-19","Khó_thở","Mất_vị_giác","Sốt"
"Cúm","Đau_cơ","Đau_họng","Ho","Sốt"
"Cúm","Đau_họng","Ho","Sốt"
"COVID-19","Đau_cơ","Khó_thở","Mất_vị_giác","Sốt"
"COVID-19","Ho","Khó_thở","Mất_vị_giác","Sốt"
"Đau_cơ","Phát_ban","Sốt","Sốt_xuất_huyết"
"COVID-19","Khó_thở","Mất_vị_giác","Mệt_mỏi","Sốt"
"COVID-19","Khó_thở","Mất_vị_giác","Phát_ban","Sốt"
"Cúm","Đau_cơ","Đau_họng","Ho","Sốt"
"COVID-19","Khó_thở","Mất_vị_giác","Sốt"
"Đau_cơ","Phát_ban","Sốt","Sốt_xuất_huyết"
"Cúm","Đau_họng","Ho","Mất_vị_giác","Sốt"
"Đau_cơ","Phát_ban","Sốt","Sốt_xuất_huyết"
"Cúm","Đau_họng","Ho","Sốt"
"COVID-19","Đau_họng","Khó_thở","Mất_vị_giác","Sốt"
"Cúm","Ho","Mất_vị_giác","Sốt"
"COVID-19","Khó_thở","Mất_vị_giác","Sốt"
"Cúm","Đau_họng","Ho","Khó_thở","Sốt"
"COVID-19","Khó_thở","Mất_vị_giác","Phát_ban","Sốt"
"COVID-19","Đau_họng","Khó_thở","Mất_vị_giác","Sốt"
"Đau_cơ","Phát_ban","Sốt","Sốt_xuất_huyết"
"Đau_cơ","Phát_ban","Sốt","Sốt_xuất_huyết"
"COVID-19","Đau_đầu","Khó_thở","Mất_vị_giác","Sốt"
"Cúm","Ho"
"Đau_họng","Sốt"
"Đau_cơ","Phát_ban","Sốt","Sốt_xuất_huyết"
"Cúm","Đau_họng","Ho","Sốt"
"Đau_cơ","Phát_ban","Sốt","Sốt_xuất_huyết"
"Cúm","Đau_họng","Ho","Khó_thở","Sốt"
"Đau_cơ","Phát_ban","Sốt","Sốt_xuất_huyết"
"COVID-19","Đau_đầu","Khó_thở","Mất_vị_giác","Sốt"
"Cúm","Đau_cơ","Đau_họng","Ho","Sốt"
"COVID-19","Đau_đầu","Khó_thở","Mất_vị_giác","Sốt"
"COVID-19","Khó_thở","Mất_vị_giác","Sốt"
"Cúm","Đau_cơ","Ho","Mất_vị_giác"
"Đau_cơ","Phát_ban","Sốt","Sốt_xuất_huyết"
"COVID-19","Khó_thở","Mất_vị_giác","Sốt"
"COVID-19","Đau_họng","Ho","Mệt_mỏi","Sốt"
"Đau_cơ","Phát_ban","Sốt","Sốt_xuất_huyết"
"COVID-19","Khó_thở","Mất_vị_giác","Mệt_mỏi","Sốt"
"COVID-19","Cúm","Đau_cơ","Sốt"
"COVID-19","Khó_thở","Mất_vị_giác","Sốt"
"Đau_cơ","Phát_ban","Sốt","Sốt_xuất_huyết"
"Cúm","Đau_họng","Ho","Khó_thở","Sốt"
"Cúm","Đau_họng","Phát_ban"
"COVID-19","Đau_cơ","Khó_thở","Mất_vị_giác","Sốt"
"Đau_cơ","Phát_ban","Sốt","Sốt_xuất_huyết"
"Cúm","Đau_họng","Ho","Sốt"
"Đau_cơ","Phát_ban","Sốt","Sốt_xuất_huyết"
"COVID-19","Đau_đầu","Khó_thở","Mất_vị_giác","Sốt"
"COVID-19","Khó_thở","Mất_vị_giác","Sốt"
"Cúm","Đau_họng","Ho","Mất_vị_giác","Sốt"
"Đau_cơ","Phát_ban","Sốt","Sốt_xuất_huyết"
"Cúm","Đau_cơ","Đau_họng","Ho","Sốt"
"COVID-19","Đau_đầu","Khó_thở","Mất_vị_giác","Sốt"
"COVID-19","Đau_cơ","Sốt_xuất_huyết"
"Đau_họng","Ho","Khó_thở","Sốt_xuất_huyết"
"Đau_cơ","Phát_ban","Sốt","Sốt_xuất_huyết"
"COVID-19","Khó_thở","Mất_vị_giác","Sốt"
"Đau_cơ","Phát_ban","Sốt","Sốt_xuất_huyết"
"COVID-19","Đau_đầu","Khó_thở","Mất_vị_giác","Sốt"
"COVID-19","Khó_thở","Mệt_mỏi"
"Cúm","Đau_họng","Ho","Sốt"
"Đau_cơ","Phát_ban","Sốt","Sốt_xuất_huyết"
"Đau_cơ","Phát_ban","Sốt","Sốt_xuất_huyết"
"COVID-19","Ho","Khó_thở","Mất_vị_giác","Sốt"
"COVID-19","Đau_đầu","Khó_thở","Mất_vị_giác","Sốt"
"Cúm","Đau_họng","Ho","Sốt"
"Cúm","Đau_họng","Ho","Phát_ban","Sốt"
"COVID-19","Đau_họng","Khó_thở","Mất_vị_giác","Sốt"
"Cúm","Đau_đầu","Đau_họng","Ho","Sốt"
"Cúm","Đau_họng","Ho","Phát_ban","Sốt"
"COVID-19","Khó_thở","Mất_vị_giác","Sốt"
"Cúm","Đau_đầu","Đau_họng","Mất_vị_giác","Sốt"
"Cúm","Đau_họng","Ho","Khó_thở","Sốt"
"Đau_đầu","Mệt_mỏi","Sốt","Sốt_xuất_huyết"
"Cúm","Đau_họng","Ho","Khó_thở","Sốt"
"Cúm","Đau_họng","Ho","Khó_thở","Sốt"
"Cúm","Đau_họng","Ho","Phát_ban","Sốt"
"COVID-19","Khó_thở","Mất_vị_giác","Sốt"
"Đau_cơ","Phát_ban","Sốt","Sốt_xuất_huyết"
"COVID-19","Mệt_mỏi","Phát_ban"
"Đau_cơ","Đau_họng","Sốt_xuất_huyết"
"COVID-19","Ho","Khó_thở","Mất_vị_giác","Sốt"
"COVID-19","Cúm","Phát_ban","Sốt","Sốt_xuất_huyết"
"COVID-19","Ho","Khó_thở","Mất_vị_giác","Sốt"
"COVID-19","Khó_thở","Mất_vị_giác","Sốt"
"Cúm","Đau_họng","Ho","Mất_vị_giác","Sốt"
"Đau_cơ","Mất_vị_giác","Phát_ban","Sốt_xuất_huyết"
"Cúm","Đau_cơ","Đau_họng","Ho","Sốt"
"Đau_cơ","Phát_ban","Sốt","Sốt_xuất_huyết"
"Đau_cơ","Phát_ban","Sốt","Sốt_xuất_huyết"
"COVID-19","Khó_thở","Mất_vị_giác","Phát_ban","Sốt"
"Đau_cơ","Phát_ban","Sốt","Sốt_xuất_huyết"
"Ho","Mất_vị_giác","Phát_ban","Sốt","Sốt_xuất_huyết"
"Cúm","Đau_họng","Ho","Khó_thở","Sốt"
"COVID-19","Đau_đầu","Khó_thở","Mất_vị_giác","Sốt"
"COVID-19","Khó_thở","Mất_vị_giác","Phát_ban","Sốt"
"Cúm","Đau_đầu","Đau_họng","Ho","Sốt"
"COVID-19","Khó_thở","Mất_vị_giác","Sốt"
"COVID-19","Khó_thở","Mất_vị_giác","Phát_ban","Sốt"
"Đau_đầu","Đau_họng","Khó_thở","Mệt_mỏi"
"COVID-19","Khó_thở","Mất_vị_giác","Sốt"
"Cúm","Đau_cơ","Đau_họng","Ho","Sốt"
"Đau_cơ","Phát_ban","Sốt","Sốt_xuất_huyết"
"Đau_cơ","Đau_họng"
"COVID-19","Đau_đầu","Khó_thở","Mất_vị_giác","Sốt"
"COVID-19","Ho","Khó_thở","Mất_vị_giác","Sốt"
"Cúm","Đau_họng","Ho","Phát_ban","Sốt"
"COVID-19","Đau_họng","Khó_thở","Mất_vị_giác","Sốt"
"Đau_cơ","Phát_ban","Sốt","Sốt_xuất_huyết"
"Đau_cơ","Phát_ban","Sốt","Sốt_xuất_huyết"
"Cúm","Đau_đầu","Đau_họng","Ho","Sốt"
"Cúm","Đau_họng","Ho","Khó_thở","Sốt"
"Cúm","Đau_họng","Ho","Sốt"
"COVID-19","Khó_thở","Mất_vị_giác","Phát_ban","Sốt"
"COVID-19","Khó_thở","Mất_vị_giác","Phát_ban","Sốt"
"Cúm","Đau_họng","Ho","Mệt_mỏi","Sốt"
"Cúm","Đau_họng","Ho","Sốt"
"COVID-19","Khó_thở","Mất_vị_giác","Mệt_mỏi","Sốt"
"Đau_cơ","Phát_ban","Sốt","Sốt_xuất_huyết"
"Cúm","Đau_họng","Ho","Sốt"
"COVID-19","Đau_đầu","Khó_thở","Mất_vị_giác","Sốt"
"Đau_cơ","Đau_họng","Ho","Sốt","Sốt_xuất_huyết"
"COVID-19","Đau_cơ","Sốt_xuất_huyết"
"Cúm","Đau_họng","Ho","Mất_vị_giác","Sốt"
"Đau_cơ","Phát_ban","Sốt","Sốt_xuất_huyết"
"COVID-19","Đau_cơ","Khó_thở","Mất_vị_giác","Sốt"
"Đau_đầu","Sốt_xuất_huyết"
"Cúm","Đau_họng","Ho","Mất_vị_giác","Sốt"
"Cúm","Đau_cơ","Đau_họng","Ho","Sốt"
"COVID-19","Khó_thở","Mất_vị_giác","Mệt_mỏi","Sốt"
"Đau_cơ","Phát_ban","Sốt","Sốt_xuất_huyết"
"Đau_cơ","Phát_ban","Sốt","Sốt_xuất_huyết"
"Cúm","Đau_họng","Ho","Sốt"
"COVID-19","Đau_đầu","Khó_thở","Mất_vị_giác","Sốt"
"COVID-19","Khó_thở","Mất_vị_giác","Phát_ban","Sốt"
"Đau_cơ","Phát_ban","Sốt","Sốt_xuất_huyết"
"Đau_cơ","Phát_ban","Sốt","Sốt_xuất_huyết"
"COVID-19","Khó_thở","Mất_vị_giác","Sốt"
"Cúm","Đau_cơ","Ho","Mất_vị_giác"
"Đau_cơ","Phát_ban","Sốt","Sốt_xuất_huyết"
"Đau_đầu","Đau_họng","Ho","Mất_vị_giác","Phát_ban"
"Cúm","Đau_họng","Ho","Khó_thở","Sốt"
"COVID-19","Đau_đầu","Khó_thở","Mất_vị_giác","Sốt"
"COVID-19","Khó_thở","Mất_vị_giác","Sốt"
"Cúm","Đau_cơ","Đau_họng","Ho","Sốt"
"COVID-19","Đau_cơ","Khó_thở","Mất_vị_giác","Sốt"
"Cúm","Đau_họng","Ho","Sốt"
"Cúm","Đau_họng","Ho","Phát_ban","Sốt"
"COVID-19","Khó_thở","Mất_vị_giác","Phát_ban","Sốt"
"COVID-19","Khó_thở","Mất_vị_giác","Phát_ban","Sốt"
"COVID-19","Cúm","Ho","Phát_ban","Sốt_xuất_huyết"
"Đau_cơ","Phát_ban","Sốt","Sốt_xuất_huyết"
"Cúm","Đau_họng","Ho","Sốt"
"Đau_cơ","Phát_ban","Sốt","Sốt_xuất_huyết"
"Đau_cơ","Phát_ban","Sốt","Sốt_xuất_huyết"
"Cúm","Mất_vị_giác"
"COVID-19","Khó_thở","Mất_vị_giác","Sốt"
"Đau_cơ","Phát_ban","Sốt","Sốt_xuất_huyết"
"Đau_cơ","Phát_ban","Sốt","Sốt_xuất_huyết"
"Cúm","Đau_họng","Ho","Sốt"
"Cúm","Đau_họng","Ho","Sốt"
"Đau_cơ","Phát_ban","Sốt","Sốt_xuất_huyết"
"Đau_cơ","Phát_ban","Sốt","Sốt_xuất_huyết"
"Đau_cơ","Phát_ban","Sốt","Sốt_xuất_huyết"
"COVID-19","Khó_thở","Mất_vị_giác","Sốt"
"Cúm","Đau_đầu","Đau_họng","Ho","Sốt"
"COVID-19","Cúm","Đau_cơ","Phát_ban"
"Đau_cơ","Phát_ban","Sốt","Sốt_xuất_huyết"
"COVID-19","Đau_họng"
"Đau_cơ","Phát_ban","Sốt","Sốt_xuất_huyết"
"Đau_cơ","Phát_ban","Sốt","Sốt_xuất_huyết"
"Đau_cơ","Phát_ban","Sốt","Sốt_xuất_huyết"
"Cúm","Đau_đầu"
"COVID-19","Khó_thở","Mất_vị_giác","Sốt"
"Cúm","Đau_họng","Ho","Sốt"
"COVID-19","Khó_thở","Mất_vị_giác","Phát_ban","Sốt"
"Cúm","Mất_vị_giác","Mệt_mỏi","Sốt_xuất_huyết"
"COVID-19","Khó_thở","Mất_vị_giác","Sốt"
"Cúm","Đau_họng","Ho","Phát_ban","Sốt"
"Cúm","Đau_họng","Ho","Mất_vị_giác","Sốt"
"COVID-19","Khó_thở","Mất_vị_giác","Sốt"
"COVID-19","Đau_cơ","Khó_thở","Mất_vị_giác","Sốt"
"Cúm","Đau_họng","Ho","Phát_ban","Sốt"
"COVID-19","Đau_đầu","Khó_thở","Mất_vị_giác","Sốt"
"Cúm","Đau_cơ","Đau_họng","Ho","Sốt"
"Cúm","Đau_họng","Ho","Mất_vị_giác","Sốt"
"Đau_cơ","Phát_ban","Sốt","Sốt_xuất_huyết"
"Đau_cơ","Phát_ban","Sốt","Sốt_xuất_huyết"
"COVID-19","Đau_họng","Khó_thở","Mất_vị_giác","Sốt"
"COVID-19","Khó_thở"
"COVID-19","Đau_họng","Khó_thở","Mất_vị_giác","Sốt"
"Đau_đầu","Đau_họng","Khó_thở","Sốt_xuất_huyết"
"Đau_cơ","Phát_ban","Sốt","Sốt_xuất_huyết"
"Cúm","Đau_họng","Ho","Sốt"
"COVID-19","Khó_thở","Mất_vị_giác","Mệt_mỏi","Sốt"
"Cúm","Đau_họng","Ho","Mất_vị_giác","Sốt"
"Mệt_mỏi","Sốt_xuất_huyết"
"Đau_cơ","Phát_ban","Sốt","Sốt_xuất_huyết"
